sensor_id;sensor_type;location;lat;lon;timestamp;P1;durP1;ratioP1;P2;durP2;ratioP2
3893;SDS011;1962;50.844;4.389;2017-09-12T00:00:33;21.10;;;10.40;;
3893;SDS011;1962;50.844;4.389;2017-09-12T00:03:01;17.40;;;9.07;;
3893;SDS011;1962;50.844;4.389;2017-09-12T00:05:28;23.27;;;10.00;;
3893;SDS011;1962;50.844;4.389;2017-09-12T00:07:56;20.73;;;9.37;;
3893;SDS011;1962;50.844;4.389;2017-09-12T00:10:23;16.10;;;8.40;;
3893;SDS011;1962;50.844;4.389;2017-09-12T00:12:51;15.43;;;7.00;;
3893;SDS011;1962;50.844;4.389;2017-09-12T00:15:18;11.47;;;7.77;;
3893;SDS011;1962;50.844;4.389;2017-09-12T00:17:47;13.33;;;6.80;;
3893;SDS011;1962;50.844;4.389;2017-09-12T00:20:14;16.30;;;6.30;;
3893;SDS011;1962;50.844;4.389;2017-09-12T00:22:42;27.20;;;7.90;;
3893;SDS011;1962;50.844;4.389;2017-09-12T00:25:09;14.27;;;6.23;;
3893;SDS011;1962;50.844;4.389;2017-09-12T00:27:37;18.57;;;7.43;;
3893;SDS011;1962;50.844;4.389;2017-09-12T00:30:04;20.07;;;6.60;;
3893;SDS011;1962;50.844;4.389;2017-09-12T00:32:32;14.57;;;6.60;;
3893;SDS011;1962;50.844;4.389;2017-09-12T00:34:59;19.60;;;6.57;;
3893;SDS011;1962;50.844;4.389;2017-09-12T00:37:27;12.20;;;6.00;;
3893;SDS011;1962;50.844;4.389;2017-09-12T00:39:54;14.40;;;5.20;;
3893;SDS011;1962;50.844;4.389;2017-09-12T00:42:22;13.13;;;6.00;;
3893;SDS011;1962;50.844;4.389;2017-09-12T00:44:49;13.50;;;5.83;;
3893;SDS011;1962;50.844;4.389;2017-09-12T00:47:17;16.60;;;5.63;;
3893;SDS011;1962;50.844;4.389;2017-09-12T00:49:44;11.93;;;6.20;;
3893;SDS011;1962;50.844;4.389;2017-09-12T00:52:12;17.43;;;5.40;;
3893;SDS011;1962;50.844;4.389;2017-09-12T00:54:39;16.97;;;6.30;;
3893;SDS011;1962;50.844;4.389;2017-09-12T00:57:08;14.93;;;5.87;;
3893;SDS011;1962;50.844;4.389;2017-09-12T00:59:35;11.10;;;5.40;;
3893;SDS011;1962;50.844;4.389;2017-09-12T01:02:04;11.80;;;6.17;;
3893;SDS011;1962;50.844;4.389;2017-09-12T01:04:31;11.83;;;5.70;;
3893;SDS011;1962;50.844;4.389;2017-09-12T01:06:59;20.00;;;5.53;;
3893;SDS011;1962;50.844;4.389;2017-09-12T01:09:26;11.70;;;6.50;;
3893;SDS011;1962;50.844;4.389;2017-09-12T01:11:54;18.17;;;6.20;;
3893;SDS011;1962;50.844;4.389;2017-09-12T01:14:22;15.53;;;7.10;;
3893;SDS011;1962;50.844;4.389;2017-09-12T01:16:50;16.40;;;7.47;;
3893;SDS011;1962;50.844;4.389;2017-09-12T01:19:18;17.37;;;6.87;;
3893;SDS011;1962;50.844;4.389;2017-09-12T01:21:45;15.77;;;7.70;;
3893;SDS011;1962;50.844;4.389;2017-09-12T01:24:15;14.50;;;6.60;;
3893;SDS011;1962;50.844;4.389;2017-09-12T01:26:42;16.43;;;7.13;;
3893;SDS011;1962;50.844;4.389;2017-09-12T01:29:10;22.40;;;7.80;;
3893;SDS011;1962;50.844;4.389;2017-09-12T01:31:38;17.57;;;7.10;;
3893;SDS011;1962;50.844;4.389;2017-09-12T01:34:05;11.13;;;6.53;;
3893;SDS011;1962;50.844;4.389;2017-09-12T01:36:33;15.33;;;5.93;;
3893;SDS011;1962;50.844;4.389;2017-09-12T01:39:00;13.43;;;6.30;;
3893;SDS011;1962;50.844;4.389;2017-09-12T01:41:28;12.53;;;5.93;;
3893;SDS011;1962;50.844;4.389;2017-09-12T01:43:55;14.30;;;5.80;;
3893;SDS011;1962;50.844;4.389;2017-09-12T01:46:23;11.50;;;6.20;;
3893;SDS011;1962;50.844;4.389;2017-09-12T01:48:51;14.70;;;6.40;;
3893;SDS011;1962;50.844;4.389;2017-09-12T01:51:18;11.17;;;5.70;;
3893;SDS011;1962;50.844;4.389;2017-09-12T01:53:46;10.23;;;6.17;;
3893;SDS011;1962;50.844;4.389;2017-09-12T01:56:14;12.03;;;7.33;;
3893;SDS011;1962;50.844;4.389;2017-09-12T01:58:41;15.70;;;6.07;;
3893;SDS011;1962;50.844;4.389;2017-09-12T02:01:09;13.43;;;6.47;;
3893;SDS011;1962;50.844;4.389;2017-09-12T02:03:37;9.40;;;5.47;;
3893;SDS011;1962;50.844;4.389;2017-09-12T02:06:06;16.00;;;5.87;;
3893;SDS011;1962;50.844;4.389;2017-09-12T02:08:34;17.40;;;6.00;;
3893;SDS011;1962;50.844;4.389;2017-09-12T02:11:02;10.60;;;5.87;;
3893;SDS011;1962;50.844;4.389;2017-09-12T02:13:30;16.07;;;6.40;;
3893;SDS011;1962;50.844;4.389;2017-09-12T02:15:59;12.20;;;4.73;;
3893;SDS011;1962;50.844;4.389;2017-09-12T02:18:26;11.03;;;5.23;;
3893;SDS011;1962;50.844;4.389;2017-09-12T02:20:55;10.27;;;5.30;;
3893;SDS011;1962;50.844;4.389;2017-09-12T02:23:23;11.10;;;4.10;;
3893;SDS011;1962;50.844;4.389;2017-09-12T02:25:50;8.30;;;4.20;;
3893;SDS011;1962;50.844;4.389;2017-09-12T02:28:24;10.10;;;4.57;;
3893;SDS011;1962;50.844;4.389;2017-09-12T02:30:52;9.03;;;4.07;;
3893;SDS011;1962;50.844;4.389;2017-09-12T02:33:19;5.50;;;3.80;;
3893;SDS011;1962;50.844;4.389;2017-09-12T02:35:47;7.30;;;4.30;;
3893;SDS011;1962;50.844;4.389;2017-09-12T02:38:15;12.07;;;5.17;;
3893;SDS011;1962;50.844;4.389;2017-09-12T02:40:43;14.53;;;5.77;;
3893;SDS011;1962;50.844;4.389;2017-09-12T02:43:12;14.30;;;5.27;;
3893;SDS011;1962;50.844;4.389;2017-09-12T02:45:40;13.53;;;4.77;;
3893;SDS011;1962;50.844;4.389;2017-09-12T02:48:07;9.73;;;4.20;;
3893;SDS011;1962;50.844;4.389;2017-09-12T02:50:35;8.90;;;4.90;;
3893;SDS011;1962;50.844;4.389;2017-09-12T02:53:02;11.93;;;3.93;;
3893;SDS011;1962;50.844;4.389;2017-09-12T02:55:30;5.90;;;4.00;;
3893;SDS011;1962;50.844;4.389;2017-09-12T02:57:57;11.00;;;3.83;;
3893;SDS011;1962;50.844;4.389;2017-09-12T03:00:25;9.53;;;4.03;;
3893;SDS011;1962;50.844;4.389;2017-09-12T03:02:53;8.77;;;3.23;;
3893;SDS011;1962;50.844;4.389;2017-09-12T03:05:20;14.90;;;4.07;;
3893;SDS011;1962;50.844;4.389;2017-09-12T03:07:48;10.53;;;4.10;;
3893;SDS011;1962;50.844;4.389;2017-09-12T03:10:16;6.80;;;3.33;;
3893;SDS011;1962;50.844;4.389;2017-09-12T03:12:46;8.83;;;3.07;;
3893;SDS011;1962;50.844;4.389;2017-09-12T03:15:13;7.43;;;3.17;;
3893;SDS011;1962;50.844;4.389;2017-09-12T03:17:42;9.13;;;3.87;;
3893;SDS011;1962;50.844;4.389;2017-09-12T03:20:10;11.87;;;2.87;;
3893;SDS011;1962;50.844;4.389;2017-09-12T03:22:38;8.20;;;3.70;;
3893;SDS011;1962;50.844;4.389;2017-09-12T03:25:05;12.30;;;3.30;;
3893;SDS011;1962;50.844;4.389;2017-09-12T03:27:33;10.63;;;3.33;;
3893;SDS011;1962;50.844;4.389;2017-09-12T03:30:00;8.77;;;3.10;;
3893;SDS011;1962;50.844;4.389;2017-09-12T03:32:28;7.00;;;3.20;;
3893;SDS011;1962;50.844;4.389;2017-09-12T03:34:56;7.80;;;2.60;;
3893;SDS011;1962;50.844;4.389;2017-09-12T03:37:24;13.10;;;3.37;;
3893;SDS011;1962;50.844;4.389;2017-09-12T03:39:52;10.17;;;3.37;;
3893;SDS011;1962;50.844;4.389;2017-09-12T03:42:19;11.00;;;3.27;;
3893;SDS011;1962;50.844;4.389;2017-09-12T03:44:48;9.13;;;4.90;;
3893;SDS011;1962;50.844;4.389;2017-09-12T03:47:15;6.73;;;2.80;;
3893;SDS011;1962;50.844;4.389;2017-09-12T03:49:43;13.97;;;4.10;;
3893;SDS011;1962;50.844;4.389;2017-09-12T03:52:10;11.87;;;3.37;;
3893;SDS011;1962;50.844;4.389;2017-09-12T03:54:38;8.83;;;3.77;;
3893;SDS011;1962;50.844;4.389;2017-09-12T03:57:06;5.73;;;3.60;;
3893;SDS011;1962;50.844;4.389;2017-09-12T03:59:34;8.37;;;2.90;;
3893;SDS011;1962;50.844;4.389;2017-09-12T04:02:01;10.10;;;3.23;;
3893;SDS011;1962;50.844;4.389;2017-09-12T04:04:29;17.37;;;4.00;;
3893;SDS011;1962;50.844;4.389;2017-09-12T04:06:56;11.50;;;4.03;;
3893;SDS011;1962;50.844;4.389;2017-09-12T04:09:24;10.37;;;3.63;;
3893;SDS011;1962;50.844;4.389;2017-09-12T04:11:53;18.53;;;3.57;;
3893;SDS011;1962;50.844;4.389;2017-09-12T04:14:20;6.23;;;3.20;;
3893;SDS011;1962;50.844;4.389;2017-09-12T04:16:49;10.10;;;3.43;;
3893;SDS011;1962;50.844;4.389;2017-09-12T04:19:16;6.60;;;3.60;;
3893;SDS011;1962;50.844;4.389;2017-09-12T04:21:44;12.30;;;3.50;;
3893;SDS011;1962;50.844;4.389;2017-09-12T04:24:12;6.40;;;2.90;;
3893;SDS011;1962;50.844;4.389;2017-09-12T04:26:40;7.40;;;2.93;;
3893;SDS011;1962;50.844;4.389;2017-09-12T04:29:08;12.33;;;4.03;;
3893;SDS011;1962;50.844;4.389;2017-09-12T04:31:35;10.23;;;3.00;;
3893;SDS011;1962;50.844;4.389;2017-09-12T04:34:03;10.57;;;3.70;;
3893;SDS011;1962;50.844;4.389;2017-09-12T04:36:30;7.20;;;3.30;;
3893;SDS011;1962;50.844;4.389;2017-09-12T04:38:58;6.73;;;3.40;;
3893;SDS011;1962;50.844;4.389;2017-09-12T04:41:25;9.20;;;3.23;;
3893;SDS011;1962;50.844;4.389;2017-09-12T04:43:53;9.10;;;3.10;;
3893;SDS011;1962;50.844;4.389;2017-09-12T04:46:20;7.53;;;3.10;;
3893;SDS011;1962;50.844;4.389;2017-09-12T04:48:48;11.10;;;3.73;;
3893;SDS011;1962;50.844;4.389;2017-09-12T04:51:16;9.87;;;4.43;;
3893;SDS011;1962;50.844;4.389;2017-09-12T04:53:44;9.30;;;3.30;;
3893;SDS011;1962;50.844;4.389;2017-09-12T04:56:12;6.60;;;3.27;;
3893;SDS011;1962;50.844;4.389;2017-09-12T04:58:39;12.33;;;4.27;;
3893;SDS011;1962;50.844;4.389;2017-09-12T05:01:07;9.73;;;3.67;;
3893;SDS011;1962;50.844;4.389;2017-09-12T05:03:35;12.67;;;4.17;;
3893;SDS011;1962;50.844;4.389;2017-09-12T05:06:02;5.63;;;3.73;;
3893;SDS011;1962;50.844;4.389;2017-09-12T05:08:31;6.30;;;2.97;;
3893;SDS011;1962;50.844;4.389;2017-09-12T05:10:59;8.57;;;3.50;;
3893;SDS011;1962;50.844;4.389;2017-09-12T05:13:27;7.53;;;3.83;;
3893;SDS011;1962;50.844;4.389;2017-09-12T05:15:54;9.50;;;4.10;;
3893;SDS011;1962;50.844;4.389;2017-09-12T05:18:22;9.80;;;4.07;;
3893;SDS011;1962;50.844;4.389;2017-09-12T05:20:51;11.97;;;3.70;;
3893;SDS011;1962;50.844;4.389;2017-09-12T05:23:18;10.40;;;3.70;;
3893;SDS011;1962;50.844;4.389;2017-09-12T05:25:46;9.30;;;4.30;;
3893;SDS011;1962;50.844;4.389;2017-09-12T05:28:14;8.43;;;3.67;;
3893;SDS011;1962;50.844;4.389;2017-09-12T05:30:42;6.17;;;4.40;;
3893;SDS011;1962;50.844;4.389;2017-09-12T05:33:09;13.37;;;5.00;;
3893;SDS011;1962;50.844;4.389;2017-09-12T05:35:37;11.67;;;5.30;;
3893;SDS011;1962;50.844;4.389;2017-09-12T05:38:04;10.43;;;4.13;;
3893;SDS011;1962;50.844;4.389;2017-09-12T05:40:32;12.93;;;4.17;;
3893;SDS011;1962;50.844;4.389;2017-09-12T05:42:59;14.00;;;4.23;;
3893;SDS011;1962;50.844;4.389;2017-09-12T05:45:27;14.20;;;4.90;;
3893;SDS011;1962;50.844;4.389;2017-09-12T05:47:56;11.37;;;4.70;;
3893;SDS011;1962;50.844;4.389;2017-09-12T05:50:23;12.83;;;5.10;;
3893;SDS011;1962;50.844;4.389;2017-09-12T05:52:52;11.50;;;5.20;;
3893;SDS011;1962;50.844;4.389;2017-09-12T05:55:20;10.23;;;4.97;;
3893;SDS011;1962;50.844;4.389;2017-09-12T05:57:48;8.77;;;4.83;;
3893;SDS011;1962;50.844;4.389;2017-09-12T06:00:17;14.87;;;4.73;;
3893;SDS011;1962;50.844;4.389;2017-09-12T06:02:44;10.00;;;4.40;;
3893;SDS011;1962;50.844;4.389;2017-09-12T06:05:12;11.10;;;4.87;;
3893;SDS011;1962;50.844;4.389;2017-09-12T06:07:41;11.97;;;4.40;;
3893;SDS011;1962;50.844;4.389;2017-09-12T06:10:09;10.90;;;4.07;;
3893;SDS011;1962;50.844;4.389;2017-09-12T06:12:36;18.10;;;4.87;;
3893;SDS011;1962;50.844;4.389;2017-09-12T06:15:04;9.30;;;4.20;;
3893;SDS011;1962;50.844;4.389;2017-09-12T06:17:31;16.63;;;5.27;;
3893;SDS011;1962;50.844;4.389;2017-09-12T06:20:00;13.80;;;5.03;;
3893;SDS011;1962;50.844;4.389;2017-09-12T06:22:27;14.13;;;5.30;;
3893;SDS011;1962;50.844;4.389;2017-09-12T06:24:55;13.87;;;4.70;;
3893;SDS011;1962;50.844;4.389;2017-09-12T06:27:22;9.60;;;4.87;;
3893;SDS011;1962;50.844;4.389;2017-09-12T06:29:50;11.47;;;5.20;;
3893;SDS011;1962;50.844;4.389;2017-09-12T06:32:17;12.13;;;4.83;;
3893;SDS011;1962;50.844;4.389;2017-09-12T06:34:45;13.33;;;6.20;;
3893;SDS011;1962;50.844;4.389;2017-09-12T06:37:12;15.90;;;5.60;;
3893;SDS011;1962;50.844;4.389;2017-09-12T06:39:40;16.00;;;5.57;;
3893;SDS011;1962;50.844;4.389;2017-09-12T06:42:07;7.67;;;4.20;;
3893;SDS011;1962;50.844;4.389;2017-09-12T06:44:35;9.80;;;4.87;;
3893;SDS011;1962;50.844;4.389;2017-09-12T06:47:03;12.47;;;5.47;;
3893;SDS011;1962;50.844;4.389;2017-09-12T06:49:30;8.87;;;5.20;;
3893;SDS011;1962;50.844;4.389;2017-09-12T06:51:58;10.33;;;6.20;;
3893;SDS011;1962;50.844;4.389;2017-09-12T06:54:25;17.53;;;6.33;;
3893;SDS011;1962;50.844;4.389;2017-09-12T06:56:53;11.97;;;6.40;;
3893;SDS011;1962;50.844;4.389;2017-09-12T06:59:21;15.03;;;6.50;;
3893;SDS011;1962;50.844;4.389;2017-09-12T07:01:49;14.27;;;9.63;;
3893;SDS011;1962;50.844;4.389;2017-09-12T07:04:17;29.73;;;9.67;;
3893;SDS011;1962;50.844;4.389;2017-09-12T07:06:44;12.77;;;7.97;;
3893;SDS011;1962;50.844;4.389;2017-09-12T07:09:12;13.13;;;8.77;;
3893;SDS011;1962;50.844;4.389;2017-09-12T07:11:39;14.87;;;9.00;;
3893;SDS011;1962;50.844;4.389;2017-09-12T07:14:07;13.90;;;9.70;;
3893;SDS011;1962;50.844;4.389;2017-09-12T07:16:34;19.00;;;10.30;;
3893;SDS011;1962;50.844;4.389;2017-09-12T07:19:02;14.90;;;9.70;;
3893;SDS011;1962;50.844;4.389;2017-09-12T07:21:30;12.97;;;9.00;;
3893;SDS011;1962;50.844;4.389;2017-09-12T07:23:57;19.10;;;10.83;;
3893;SDS011;1962;50.844;4.389;2017-09-12T07:26:25;19.50;;;11.53;;
3893;SDS011;1962;50.844;4.389;2017-09-12T07:28:52;16.43;;;10.83;;
3893;SDS011;1962;50.844;4.389;2017-09-12T07:31:20;17.00;;;11.60;;
3893;SDS011;1962;50.844;4.389;2017-09-12T07:33:47;12.87;;;9.43;;
3893;SDS011;1962;50.844;4.389;2017-09-12T07:36:15;13.30;;;8.50;;
3893;SDS011;1962;50.844;4.389;2017-09-12T07:38:42;16.67;;;9.13;;
3893;SDS011;1962;50.844;4.389;2017-09-12T07:41:10;17.10;;;9.43;;
3893;SDS011;1962;50.844;4.389;2017-09-12T07:43:38;15.57;;;9.27;;
3893;SDS011;1962;50.844;4.389;2017-09-12T07:46:06;14.13;;;8.27;;
3893;SDS011;1962;50.844;4.389;2017-09-12T07:48:34;15.23;;;8.63;;
3893;SDS011;1962;50.844;4.389;2017-09-12T07:51:02;10.70;;;7.70;;
3893;SDS011;1962;50.844;4.389;2017-09-12T07:53:29;9.50;;;6.80;;
3893;SDS011;1962;50.844;4.389;2017-09-12T07:55:56;13.07;;;6.93;;
3893;SDS011;1962;50.844;4.389;2017-09-12T07:58:25;10.27;;;6.47;;
3893;SDS011;1962;50.844;4.389;2017-09-12T08:00:53;12.17;;;6.80;;
3893;SDS011;1962;50.844;4.389;2017-09-12T08:03:21;12.97;;;7.67;;
3893;SDS011;1962;50.844;4.389;2017-09-12T08:05:48;11.03;;;5.73;;
3893;SDS011;1962;50.844;4.389;2017-09-12T08:08:16;8.87;;;5.63;;
3893;SDS011;1962;50.844;4.389;2017-09-12T08:10:43;6.60;;;5.27;;
3893;SDS011;1962;50.844;4.389;2017-09-12T08:13:11;9.10;;;5.50;;
3893;SDS011;1962;50.844;4.389;2017-09-12T08:15:39;9.97;;;5.87;;
3893;SDS011;1962;50.844;4.389;2017-09-12T08:18:06;14.13;;;5.10;;
3893;SDS011;1962;50.844;4.389;2017-09-12T08:20:34;9.70;;;4.43;;
3893;SDS011;1962;50.844;4.389;2017-09-12T08:23:01;11.90;;;4.90;;
3893;SDS011;1962;50.844;4.389;2017-09-12T08:25:30;5.27;;;4.23;;
3893;SDS011;1962;50.844;4.389;2017-09-12T08:27:57;8.43;;;5.03;;
3893;SDS011;1962;50.844;4.389;2017-09-12T08:30:25;10.47;;;5.23;;
3893;SDS011;1962;50.844;4.389;2017-09-12T08:32:52;9.63;;;4.10;;
3893;SDS011;1962;50.844;4.389;2017-09-12T08:35:20;9.40;;;5.47;;
3893;SDS011;1962;50.844;4.389;2017-09-12T08:37:47;6.97;;;5.40;;
3893;SDS011;1962;50.844;4.389;2017-09-12T08:40:15;7.63;;;3.93;;
3893;SDS011;1962;50.844;4.389;2017-09-12T08:42:42;5.97;;;4.97;;
3893;SDS011;1962;50.844;4.389;2017-09-12T08:45:10;6.33;;;4.70;;
3893;SDS011;1962;50.844;4.389;2017-09-12T08:47:37;11.00;;;5.30;;
3893;SDS011;1962;50.844;4.389;2017-09-12T08:50:05;6.90;;;4.43;;
3893;SDS011;1962;50.844;4.389;2017-09-12T08:52:33;6.73;;;4.47;;
3893;SDS011;1962;50.844;4.389;2017-09-12T08:55:01;9.50;;;4.47;;
3893;SDS011;1962;50.844;4.389;2017-09-12T08:57:28;5.00;;;3.70;;
3893;SDS011;1962;50.844;4.389;2017-09-12T08:59:56;9.23;;;3.80;;
3893;SDS011;1962;50.844;4.389;2017-09-12T09:02:23;4.57;;;3.80;;
3893;SDS011;1962;50.844;4.389;2017-09-12T09:04:51;6.73;;;4.27;;
3893;SDS011;1962;50.844;4.389;2017-09-12T09:07:18;10.17;;;3.87;;
3893;SDS011;1962;50.844;4.389;2017-09-12T09:09:46;8.90;;;3.33;;
3893;SDS011;1962;50.844;4.389;2017-09-12T09:12:14;9.20;;;4.07;;
3893;SDS011;1962;50.844;4.389;2017-09-12T09:14:42;5.40;;;3.20;;
3893;SDS011;1962;50.844;4.389;2017-09-12T09:17:09;7.73;;;3.53;;
3893;SDS011;1962;50.844;4.389;2017-09-12T09:19:37;12.77;;;4.10;;
3893;SDS011;1962;50.844;4.389;2017-09-12T09:22:04;5.07;;;3.93;;
3893;SDS011;1962;50.844;4.389;2017-09-12T09:24:32;8.13;;;3.00;;
3893;SDS011;1962;50.844;4.389;2017-09-12T09:26:59;5.33;;;2.70;;
3893;SDS011;1962;50.844;4.389;2017-09-12T09:29:27;9.70;;;3.57;;
3893;SDS011;1962;50.844;4.389;2017-09-12T09:31:55;11.20;;;3.90;;
3893;SDS011;1962;50.844;4.389;2017-09-12T09:34:23;5.73;;;2.93;;
3893;SDS011;1962;50.844;4.389;2017-09-12T09:36:50;6.90;;;2.40;;
3893;SDS011;1962;50.844;4.389;2017-09-12T09:39:18;6.83;;;3.23;;
3893;SDS011;1962;50.844;4.389;2017-09-12T09:41:47;8.40;;;3.33;;
3893;SDS011;1962;50.844;4.389;2017-09-12T09:44:15;7.23;;;3.10;;
3893;SDS011;1962;50.844;4.389;2017-09-12T09:46:43;4.70;;;3.20;;
3893;SDS011;1962;50.844;4.389;2017-09-12T09:49:11;9.47;;;2.90;;
3893;SDS011;1962;50.844;4.389;2017-09-12T09:51:38;8.10;;;4.00;;
3893;SDS011;1962;50.844;4.389;2017-09-12T09:54:06;3.50;;;2.97;;
3893;SDS011;1962;50.844;4.389;2017-09-12T09:56:33;10.50;;;3.87;;
3893;SDS011;1962;50.844;4.389;2017-09-12T09:59:01;4.67;;;3.50;;
3893;SDS011;1962;50.844;4.389;2017-09-12T10:01:29;8.50;;;4.10;;
3893;SDS011;1962;50.844;4.389;2017-09-12T10:03:58;6.67;;;3.60;;
3893;SDS011;1962;50.844;4.389;2017-09-12T10:06:26;9.53;;;5.37;;
3893;SDS011;1962;50.844;4.389;2017-09-12T10:08:53;9.97;;;4.07;;
3893;SDS011;1962;50.844;4.389;2017-09-12T10:11:21;8.40;;;3.37;;
3893;SDS011;1962;50.844;4.389;2017-09-12T10:13:48;7.23;;;3.30;;
3893;SDS011;1962;50.844;4.389;2017-09-12T10:16:16;3.60;;;2.23;;
3893;SDS011;1962;50.844;4.389;2017-09-12T10:18:44;5.20;;;3.30;;
3893;SDS011;1962;50.844;4.389;2017-09-12T10:21:12;13.70;;;3.20;;
3893;SDS011;1962;50.844;4.389;2017-09-12T10:23:39;6.17;;;3.13;;
3893;SDS011;1962;50.844;4.389;2017-09-12T10:26:07;4.13;;;2.47;;
3893;SDS011;1962;50.844;4.389;2017-09-12T10:28:34;6.40;;;2.60;;
3893;SDS011;1962;50.844;4.389;2017-09-12T10:31:02;4.13;;;2.20;;
3893;SDS011;1962;50.844;4.389;2017-09-12T10:33:30;4.63;;;2.30;;
3893;SDS011;1962;50.844;4.389;2017-09-12T10:35:57;3.60;;;2.17;;
3893;SDS011;1962;50.844;4.389;2017-09-12T10:38:25;6.40;;;2.77;;
3893;SDS011;1962;50.844;4.389;2017-09-12T10:40:52;4.30;;;2.50;;
3893;SDS011;1962;50.844;4.389;2017-09-12T10:43:20;3.80;;;3.03;;
3893;SDS011;1962;50.844;4.389;2017-09-12T10:45:48;3.93;;;2.53;;
3893;SDS011;1962;50.844;4.389;2017-09-12T10:48:16;3.13;;;1.90;;
3893;SDS011;1962;50.844;4.389;2017-09-12T10:50:44;5.73;;;2.50;;
3893;SDS011;1962;50.844;4.389;2017-09-12T10:53:12;2.40;;;2.20;;
3893;SDS011;1962;50.844;4.389;2017-09-12T10:55:39;3.70;;;2.30;;
3893;SDS011;1962;50.844;4.389;2017-09-12T10:58:07;4.33;;;2.60;;
3893;SDS011;1962;50.844;4.389;2017-09-12T11:00:35;3.07;;;2.10;;
3893;SDS011;1962;50.844;4.389;2017-09-12T11:03:04;3.80;;;2.40;;
3893;SDS011;1962;50.844;4.389;2017-09-12T11:05:32;5.50;;;2.00;;
3893;SDS011;1962;50.844;4.389;2017-09-12T11:07:59;8.37;;;2.23;;
3893;SDS011;1962;50.844;4.389;2017-09-12T11:10:27;3.47;;;1.70;;
3893;SDS011;1962;50.844;4.389;2017-09-12T11:12:54;4.37;;;2.00;;
3893;SDS011;1962;50.844;4.389;2017-09-12T11:15:22;5.17;;;1.73;;
3893;SDS011;1962;50.844;4.389;2017-09-12T11:17:50;3.17;;;2.23;;
3893;SDS011;1962;50.844;4.389;2017-09-12T11:20:18;4.40;;;1.87;;
3893;SDS011;1962;50.844;4.389;2017-09-12T11:22:46;4.43;;;1.80;;
3893;SDS011;1962;50.844;4.389;2017-09-12T11:25:14;4.40;;;1.90;;
3893;SDS011;1962;50.844;4.389;2017-09-12T11:27:41;7.50;;;1.80;;
3893;SDS011;1962;50.844;4.389;2017-09-12T11:30:09;3.60;;;1.80;;
3893;SDS011;1962;50.844;4.389;2017-09-12T11:32:36;3.83;;;1.63;;
3893;SDS011;1962;50.844;4.389;2017-09-12T11:35:04;2.50;;;1.43;;
3893;SDS011;1962;50.844;4.389;2017-09-12T11:37:31;2.60;;;1.70;;
3893;SDS011;1962;50.844;4.389;2017-09-12T11:39:59;6.13;;;2.10;;
3893;SDS011;1962;50.844;4.389;2017-09-12T11:42:26;4.80;;;1.90;;
3893;SDS011;1962;50.844;4.389;2017-09-12T11:44:54;3.63;;;1.63;;
3893;SDS011;1962;50.844;4.389;2017-09-12T11:47:21;3.27;;;1.70;;
3893;SDS011;1962;50.844;4.389;2017-09-12T11:49:49;3.50;;;1.50;;
3893;SDS011;1962;50.844;4.389;2017-09-12T11:52:17;3.90;;;1.30;;
3893;SDS011;1962;50.844;4.389;2017-09-12T11:54:44;3.23;;;1.73;;
3893;SDS011;1962;50.844;4.389;2017-09-12T11:57:12;4.40;;;1.77;;
3893;SDS011;1962;50.844;4.389;2017-09-12T11:59:39;3.20;;;1.93;;
3893;SDS011;1962;50.844;4.389;2017-09-12T12:02:07;5.87;;;1.77;;
3893;SDS011;1962;50.844;4.389;2017-09-12T12:04:35;2.37;;;1.50;;
3893;SDS011;1962;50.844;4.389;2017-09-12T12:07:03;2.00;;;1.53;;
3893;SDS011;1962;50.844;4.389;2017-09-12T12:09:31;3.67;;;1.80;;
3893;SDS011;1962;50.844;4.389;2017-09-12T12:11:59;2.93;;;1.93;;
3893;SDS011;1962;50.844;4.389;2017-09-12T12:14:27;4.90;;;1.97;;
3893;SDS011;1962;50.844;4.389;2017-09-12T12:16:54;2.53;;;1.70;;
3893;SDS011;1962;50.844;4.389;2017-09-12T12:19:22;3.70;;;1.80;;
3893;SDS011;1962;50.844;4.389;2017-09-12T12:21:49;4.27;;;1.80;;
3893;SDS011;1962;50.844;4.389;2017-09-12T12:24:17;3.13;;;1.60;;
3893;SDS011;1962;50.844;4.389;2017-09-12T12:26:45;4.90;;;1.80;;
3893;SDS011;1962;50.844;4.389;2017-09-12T12:29:14;4.63;;;1.83;;
3893;SDS011;1962;50.844;4.389;2017-09-12T12:31:42;3.60;;;1.57;;
3893;SDS011;1962;50.844;4.389;2017-09-12T12:34:10;4.20;;;1.90;;
3893;SDS011;1962;50.844;4.389;2017-09-12T12:36:38;2.33;;;1.70;;
3893;SDS011;1962;50.844;4.389;2017-09-12T12:39:06;4.57;;;1.80;;
3893;SDS011;1962;50.844;4.389;2017-09-12T12:41:34;2.53;;;1.90;;
3893;SDS011;1962;50.844;4.389;2017-09-12T12:44:02;4.13;;;2.00;;
3893;SDS011;1962;50.844;4.389;2017-09-12T12:46:30;3.20;;;1.60;;
3893;SDS011;1962;50.844;4.389;2017-09-12T12:48:58;3.10;;;1.60;;
3893;SDS011;1962;50.844;4.389;2017-09-12T12:51:26;9.30;;;2.07;;
3893;SDS011;1962;50.844;4.389;2017-09-12T12:53:54;2.53;;;1.70;;
3893;SDS011;1962;50.844;4.389;2017-09-12T12:56:23;2.50;;;1.50;;
3893;SDS011;1962;50.844;4.389;2017-09-12T12:58:50;4.27;;;1.60;;
3893;SDS011;1962;50.844;4.389;2017-09-12T13:01:18;5.27;;;2.83;;
3893;SDS011;1962;50.844;4.389;2017-09-12T13:03:47;1.77;;;1.40;;
3893;SDS011;1962;50.844;4.389;2017-09-12T13:06:14;4.20;;;1.70;;
3893;SDS011;1962;50.844;4.389;2017-09-12T13:08:42;3.77;;;2.03;;
3893;SDS011;1962;50.844;4.389;2017-09-12T13:11:09;2.90;;;2.00;;
3893;SDS011;1962;50.844;4.389;2017-09-12T13:13:37;3.20;;;1.60;;
3893;SDS011;1962;50.844;4.389;2017-09-12T13:16:04;2.80;;;2.00;;
3893;SDS011;1962;50.844;4.389;2017-09-12T13:18:32;3.03;;;1.67;;
3893;SDS011;1962;50.844;4.389;2017-09-12T13:20:59;2.10;;;1.90;;
3893;SDS011;1962;50.844;4.389;2017-09-12T13:23:27;3.70;;;1.90;;
3893;SDS011;1962;50.844;4.389;2017-09-12T13:25:54;2.23;;;1.70;;
3893;SDS011;1962;50.844;4.389;2017-09-12T13:28:22;4.10;;;1.77;;
3893;SDS011;1962;50.844;4.389;2017-09-12T13:30:49;3.47;;;1.37;;
3893;SDS011;1962;50.844;4.389;2017-09-12T13:33:17;3.47;;;1.40;;
3893;SDS011;1962;50.844;4.389;2017-09-12T13:35:45;6.07;;;2.47;;
3893;SDS011;1962;50.844;4.389;2017-09-12T13:38:14;5.73;;;1.40;;
3893;SDS011;1962;50.844;4.389;2017-09-12T13:40:41;4.93;;;1.30;;
3893;SDS011;1962;50.844;4.389;2017-09-12T13:43:09;4.23;;;1.50;;
3893;SDS011;1962;50.844;4.389;2017-09-12T13:45:36;1.90;;;1.30;;
3893;SDS011;1962;50.844;4.389;2017-09-12T13:48:04;4.17;;;1.30;;
3893;SDS011;1962;50.844;4.389;2017-09-12T13:50:31;3.23;;;1.17;;
3893;SDS011;1962;50.844;4.389;2017-09-12T13:52:59;2.80;;;1.33;;
3893;SDS011;1962;50.844;4.389;2017-09-12T13:55:27;4.17;;;1.87;;
3893;SDS011;1962;50.844;4.389;2017-09-12T13:57:54;2.23;;;1.57;;
3893;SDS011;1962;50.844;4.389;2017-09-12T14:00:22;2.23;;;1.17;;
3893;SDS011;1962;50.844;4.389;2017-09-12T14:02:49;2.60;;;1.83;;
3893;SDS011;1962;50.844;4.389;2017-09-12T14:05:17;7.60;;;1.60;;
3893;SDS011;1962;50.844;4.389;2017-09-12T14:07:45;2.00;;;1.50;;
3893;SDS011;1962;50.844;4.389;2017-09-12T14:10:12;1.70;;;1.40;;
3893;SDS011;1962;50.844;4.389;2017-09-12T14:12:40;3.30;;;1.63;;
3893;SDS011;1962;50.844;4.389;2017-09-12T14:15:07;3.30;;;1.47;;
3893;SDS011;1962;50.844;4.389;2017-09-12T14:17:35;3.83;;;1.30;;
3893;SDS011;1962;50.844;4.389;2017-09-12T14:20:02;2.30;;;1.50;;
3893;SDS011;1962;50.844;4.389;2017-09-12T14:22:31;4.60;;;2.20;;
3893;SDS011;1962;50.844;4.389;2017-09-12T14:24:58;2.07;;;1.40;;
3893;SDS011;1962;50.844;4.389;2017-09-12T14:27:26;4.80;;;1.50;;
3893;SDS011;1962;50.844;4.389;2017-09-12T14:29:53;2.53;;;1.40;;
3893;SDS011;1962;50.844;4.389;2017-09-12T14:32:21;1.77;;;1.37;;
3893;SDS011;1962;50.844;4.389;2017-09-12T14:34:49;3.23;;;1.40;;
3893;SDS011;1962;50.844;4.389;2017-09-12T14:37:17;1.40;;;1.30;;
3893;SDS011;1962;50.844;4.389;2017-09-12T14:39:44;3.30;;;1.40;;
3893;SDS011;1962;50.844;4.389;2017-09-12T14:42:12;2.83;;;1.30;;
3893;SDS011;1962;50.844;4.389;2017-09-12T14:44:40;4.30;;;1.70;;
3893;SDS011;1962;50.844;4.389;2017-09-12T14:47:07;2.40;;;1.60;;
3893;SDS011;1962;50.844;4.389;2017-09-12T14:49:35;2.37;;;1.50;;
3893;SDS011;1962;50.844;4.389;2017-09-12T14:52:03;1.50;;;1.20;;
3893;SDS011;1962;50.844;4.389;2017-09-12T14:54:32;5.63;;;2.63;;
3893;SDS011;1962;50.844;4.389;2017-09-12T14:57:00;1.70;;;1.30;;
3893;SDS011;1962;50.844;4.389;2017-09-12T14:59:27;4.10;;;1.80;;
3893;SDS011;1962;50.844;4.389;2017-09-12T15:01:55;1.70;;;1.20;;
3893;SDS011;1962;50.844;4.389;2017-09-12T15:04:23;1.87;;;1.30;;
3893;SDS011;1962;50.844;4.389;2017-09-12T15:06:51;1.70;;;1.30;;
3893;SDS011;1962;50.844;4.389;2017-09-12T15:09:19;2.20;;;1.20;;
3893;SDS011;1962;50.844;4.389;2017-09-12T15:11:46;2.03;;;1.30;;
3893;SDS011;1962;50.844;4.389;2017-09-12T15:14:14;2.20;;;1.23;;
3893;SDS011;1962;50.844;4.389;2017-09-12T15:16:42;2.00;;;1.50;;
3893;SDS011;1962;50.844;4.389;2017-09-12T15:19:10;2.17;;;1.40;;
3893;SDS011;1962;50.844;4.389;2017-09-12T15:21:37;2.07;;;1.60;;
3893;SDS011;1962;50.844;4.389;2017-09-12T15:24:05;1.50;;;1.40;;
3893;SDS011;1962;50.844;4.389;2017-09-12T15:26:33;3.37;;;1.60;;
3893;SDS011;1962;50.844;4.389;2017-09-12T15:29:01;3.40;;;1.77;;
3893;SDS011;1962;50.844;4.389;2017-09-12T15:31:30;2.60;;;1.43;;
3893;SDS011;1962;50.844;4.389;2017-09-12T15:33:57;3.70;;;1.70;;
3893;SDS011;1962;50.844;4.389;2017-09-12T15:36:25;3.70;;;1.40;;
3893;SDS011;1962;50.844;4.389;2017-09-12T15:38:52;1.40;;;1.30;;
3893;SDS011;1962;50.844;4.389;2017-09-12T15:41:20;1.90;;;1.40;;
3893;SDS011;1962;50.844;4.389;2017-09-12T15:43:47;2.43;;;1.50;;
3893;SDS011;1962;50.844;4.389;2017-09-12T15:46:15;3.00;;;1.40;;
3893;SDS011;1962;50.844;4.389;2017-09-12T15:48:42;2.43;;;1.30;;
3893;SDS011;1962;50.844;4.389;2017-09-12T15:51:10;3.30;;;1.53;;
3893;SDS011;1962;50.844;4.389;2017-09-12T15:53:37;1.70;;;1.37;;
3893;SDS011;1962;50.844;4.389;2017-09-12T15:56:06;1.70;;;1.40;;
3893;SDS011;1962;50.844;4.389;2017-09-12T15:58:34;3.70;;;1.50;;
3893;SDS011;1962;50.844;4.389;2017-09-12T16:01:02;5.37;;;1.40;;
3893;SDS011;1962;50.844;4.389;2017-09-12T16:03:30;2.63;;;1.40;;
3893;SDS011;1962;50.844;4.389;2017-09-12T16:05:57;1.20;;;1.10;;
3893;SDS011;1962;50.844;4.389;2017-09-12T16:08:25;5.63;;;1.73;;
3893;SDS011;1962;50.844;4.389;2017-09-12T16:10:52;5.93;;;1.53;;
3893;SDS011;1962;50.844;4.389;2017-09-12T16:13:20;2.93;;;1.70;;
3893;SDS011;1962;50.844;4.389;2017-09-12T16:15:47;1.93;;;1.37;;
3893;SDS011;1962;50.844;4.389;2017-09-12T16:18:16;3.00;;;1.70;;
3893;SDS011;1962;50.844;4.389;2017-09-12T16:20:43;4.33;;;1.63;;
3893;SDS011;1962;50.844;4.389;2017-09-12T16:23:11;3.13;;;1.60;;
3893;SDS011;1962;50.844;4.389;2017-09-12T16:25:39;2.93;;;1.57;;
3893;SDS011;1962;50.844;4.389;2017-09-12T16:28:07;1.77;;;1.37;;
3893;SDS011;1962;50.844;4.389;2017-09-12T16:30:34;3.93;;;1.50;;
3893;SDS011;1962;50.844;4.389;2017-09-12T16:33:02;1.90;;;1.50;;
3893;SDS011;1962;50.844;4.389;2017-09-12T16:35:29;2.73;;;1.20;;
3893;SDS011;1962;50.844;4.389;2017-09-12T16:37:57;3.30;;;1.70;;
3893;SDS011;1962;50.844;4.389;2017-09-12T16:40:24;4.03;;;1.93;;
3893;SDS011;1962;50.844;4.389;2017-09-12T16:42:52;2.70;;;1.37;;
3893;SDS011;1962;50.844;4.389;2017-09-12T16:45:20;3.00;;;1.40;;
3893;SDS011;1962;50.844;4.389;2017-09-12T16:47:47;3.30;;;1.70;;
3893;SDS011;1962;50.844;4.389;2017-09-12T16:50:15;3.10;;;1.93;;
3893;SDS011;1962;50.844;4.389;2017-09-12T16:52:43;5.43;;;1.60;;
3893;SDS011;1962;50.844;4.389;2017-09-12T16:55:10;1.73;;;1.63;;
3893;SDS011;1962;50.844;4.389;2017-09-12T16:57:38;3.50;;;2.00;;
3893;SDS011;1962;50.844;4.389;2017-09-12T17:00:05;7.07;;;2.00;;
3893;SDS011;1962;50.844;4.389;2017-09-12T17:02:33;2.87;;;2.00;;
3893;SDS011;1962;50.844;4.389;2017-09-12T17:05:00;3.27;;;1.63;;
3893;SDS011;1962;50.844;4.389;2017-09-12T17:07:29;2.80;;;1.67;;
3893;SDS011;1962;50.844;4.389;2017-09-12T17:09:57;3.47;;;1.40;;
3893;SDS011;1962;50.844;4.389;2017-09-12T17:12:26;2.40;;;1.73;;
3893;SDS011;1962;50.844;4.389;2017-09-12T17:14:54;3.07;;;1.50;;
3893;SDS011;1962;50.844;4.389;2017-09-12T17:17:22;5.23;;;1.97;;
3893;SDS011;1962;50.844;4.389;2017-09-12T17:19:50;4.37;;;1.53;;
3893;SDS011;1962;50.844;4.389;2017-09-12T17:22:18;2.93;;;1.70;;
3893;SDS011;1962;50.844;4.389;2017-09-12T17:24:46;5.93;;;2.10;;
3893;SDS011;1962;50.844;4.389;2017-09-12T17:27:15;3.67;;;1.73;;
3893;SDS011;1962;50.844;4.389;2017-09-12T17:29:44;6.17;;;2.10;;
3893;SDS011;1962;50.844;4.389;2017-09-12T17:32:12;3.37;;;1.73;;
3893;SDS011;1962;50.844;4.389;2017-09-12T17:34:41;3.03;;;1.97;;
3893;SDS011;1962;50.844;4.389;2017-09-12T17:37:09;4.17;;;1.90;;
3893;SDS011;1962;50.844;4.389;2017-09-12T17:39:38;4.57;;;1.83;;
3893;SDS011;1962;50.844;4.389;2017-09-12T17:42:06;5.83;;;1.90;;
3893;SDS011;1962;50.844;4.389;2017-09-12T17:44:35;3.83;;;1.70;;
3893;SDS011;1962;50.844;4.389;2017-09-12T17:47:03;5.13;;;2.13;;
3893;SDS011;1962;50.844;4.389;2017-09-12T17:49:31;10.47;;;2.30;;
3893;SDS011;1962;50.844;4.389;2017-09-12T17:51:59;10.07;;;2.83;;
3893;SDS011;1962;50.844;4.389;2017-09-12T17:54:27;5.43;;;2.10;;
3893;SDS011;1962;50.844;4.389;2017-09-12T17:56:56;4.40;;;2.30;;
3893;SDS011;1962;50.844;4.389;2017-09-12T17:59:26;8.53;;;2.20;;
3893;SDS011;1962;50.844;4.389;2017-09-12T18:01:54;2.70;;;2.27;;
3893;SDS011;1962;50.844;4.389;2017-09-12T18:04:23;5.43;;;1.90;;
3893;SDS011;1962;50.844;4.389;2017-09-12T18:06:54;6.63;;;2.37;;
3893;SDS011;1962;50.844;4.389;2017-09-12T18:09:22;5.43;;;3.30;;
3893;SDS011;1962;50.844;4.389;2017-09-12T18:11:51;4.33;;;2.27;;
3893;SDS011;1962;50.844;4.389;2017-09-12T18:14:20;7.53;;;3.20;;
3893;SDS011;1962;50.844;4.389;2017-09-12T18:16:49;6.70;;;2.20;;
3893;SDS011;1962;50.844;4.389;2017-09-12T18:19:18;6.23;;;2.13;;
3893;SDS011;1962;50.844;4.389;2017-09-12T18:21:47;12.33;;;3.73;;
3893;SDS011;1962;50.844;4.389;2017-09-12T18:24:16;6.63;;;2.70;;
3893;SDS011;1962;50.844;4.389;2017-09-12T18:26:44;7.50;;;2.57;;
3893;SDS011;1962;50.844;4.389;2017-09-12T18:29:12;4.63;;;2.50;;
3893;SDS011;1962;50.844;4.389;2017-09-12T18:31:40;7.37;;;2.57;;
3893;SDS011;1962;50.844;4.389;2017-09-12T18:34:08;9.30;;;2.77;;
3893;SDS011;1962;50.844;4.389;2017-09-12T18:36:37;13.00;;;3.27;;
3893;SDS011;1962;50.844;4.389;2017-09-12T18:39:05;5.80;;;2.70;;
3893;SDS011;1962;50.844;4.389;2017-09-12T18:41:33;10.50;;;3.13;;
3893;SDS011;1962;50.844;4.389;2017-09-12T18:44:01;5.23;;;2.73;;
3893;SDS011;1962;50.844;4.389;2017-09-12T18:46:29;12.43;;;3.30;;
3893;SDS011;1962;50.844;4.389;2017-09-12T18:48:58;7.90;;;2.83;;
3893;SDS011;1962;50.844;4.389;2017-09-12T18:51:26;6.77;;;2.97;;
3893;SDS011;1962;50.844;4.389;2017-09-12T18:53:54;5.83;;;2.60;;
3893;SDS011;1962;50.844;4.389;2017-09-12T18:56:23;6.90;;;2.77;;
3893;SDS011;1962;50.844;4.389;2017-09-12T18:58:52;8.63;;;3.43;;
3893;SDS011;1962;50.844;4.389;2017-09-12T19:01:20;7.50;;;2.77;;
3893;SDS011;1962;50.844;4.389;2017-09-12T19:03:48;6.40;;;3.50;;
3893;SDS011;1962;50.844;4.389;2017-09-12T19:06:17;6.33;;;3.60;;
3893;SDS011;1962;50.844;4.389;2017-09-12T19:08:45;7.47;;;3.60;;
3893;SDS011;1962;50.844;4.389;2017-09-12T19:11:12;8.23;;;3.07;;
3893;SDS011;1962;50.844;4.389;2017-09-12T19:13:40;11.43;;;3.10;;
3893;SDS011;1962;50.844;4.389;2017-09-12T19:16:08;7.33;;;2.77;;
3893;SDS011;1962;50.844;4.389;2017-09-12T19:18:36;7.80;;;3.07;;
3893;SDS011;1962;50.844;4.389;2017-09-12T19:21:03;6.27;;;2.97;;
3893;SDS011;1962;50.844;4.389;2017-09-12T19:23:31;8.37;;;2.70;;
3893;SDS011;1962;50.844;4.389;2017-09-12T19:25:59;9.00;;;3.13;;
3893;SDS011;1962;50.844;4.389;2017-09-12T19:28:27;12.20;;;4.30;;
3893;SDS011;1962;50.844;4.389;2017-09-12T19:30:55;3.30;;;2.43;;
3893;SDS011;1962;50.844;4.389;2017-09-12T19:33:23;12.53;;;3.00;;
3893;SDS011;1962;50.844;4.389;2017-09-12T19:35:51;5.47;;;2.30;;
3893;SDS011;1962;50.844;4.389;2017-09-12T19:38:20;6.83;;;2.80;;
3893;SDS011;1962;50.844;4.389;2017-09-12T19:40:48;9.07;;;2.33;;
3893;SDS011;1962;50.844;4.389;2017-09-12T19:43:16;11.90;;;2.60;;
3893;SDS011;1962;50.844;4.389;2017-09-12T19:45:44;4.83;;;3.10;;
3893;SDS011;1962;50.844;4.389;2017-09-12T19:48:12;6.17;;;2.03;;
3893;SDS011;1962;50.844;4.389;2017-09-12T19:50:40;9.30;;;2.50;;
3893;SDS011;1962;50.844;4.389;2017-09-12T19:53:08;7.90;;;2.43;;
3893;SDS011;1962;50.844;4.389;2017-09-12T19:55:37;6.67;;;2.97;;
3893;SDS011;1962;50.844;4.389;2017-09-12T19:58:07;5.37;;;2.57;;
3893;SDS011;1962;50.844;4.389;2017-09-12T20:00:35;11.70;;;3.17;;
3893;SDS011;1962;50.844;4.389;2017-09-12T20:03:04;6.30;;;2.60;;
3893;SDS011;1962;50.844;4.389;2017-09-12T20:05:33;6.00;;;2.63;;
3893;SDS011;1962;50.844;4.389;2017-09-12T20:08:01;6.50;;;2.90;;
3893;SDS011;1962;50.844;4.389;2017-09-12T20:10:29;10.20;;;2.27;;
3893;SDS011;1962;50.844;4.389;2017-09-12T20:12:58;5.93;;;2.57;;
3893;SDS011;1962;50.844;4.389;2017-09-12T20:15:25;12.50;;;2.93;;
3893;SDS011;1962;50.844;4.389;2017-09-12T20:17:53;7.43;;;2.70;;
3893;SDS011;1962;50.844;4.389;2017-09-12T20:20:22;5.90;;;2.43;;
3893;SDS011;1962;50.844;4.389;2017-09-12T20:22:49;5.63;;;2.50;;
3893;SDS011;1962;50.844;4.389;2017-09-12T20:25:17;7.07;;;2.73;;
3893;SDS011;1962;50.844;4.389;2017-09-12T20:27:44;3.77;;;2.43;;
3893;SDS011;1962;50.844;4.389;2017-09-12T20:30:12;3.10;;;2.60;;
3893;SDS011;1962;50.844;4.389;2017-09-12T20:32:41;13.73;;;3.10;;
3893;SDS011;1962;50.844;4.389;2017-09-12T20:35:08;8.50;;;2.40;;
3893;SDS011;1962;50.844;4.389;2017-09-12T20:37:36;15.17;;;4.37;;
3893;SDS011;1962;50.844;4.389;2017-09-12T20:40:05;6.47;;;2.50;;
3893;SDS011;1962;50.844;4.389;2017-09-12T20:42:32;12.50;;;2.90;;
3893;SDS011;1962;50.844;4.389;2017-09-12T20:45:00;8.50;;;3.03;;
3893;SDS011;1962;50.844;4.389;2017-09-12T20:47:28;8.67;;;3.47;;
3893;SDS011;1962;50.844;4.389;2017-09-12T20:49:55;12.93;;;3.80;;
3893;SDS011;1962;50.844;4.389;2017-09-12T20:52:23;12.87;;;3.37;;
3893;SDS011;1962;50.844;4.389;2017-09-12T20:54:51;11.93;;;4.20;;
3893;SDS011;1962;50.844;4.389;2017-09-12T20:57:19;9.60;;;3.40;;
3893;SDS011;1962;50.844;4.389;2017-09-12T20:59:46;8.73;;;3.60;;
3893;SDS011;1962;50.844;4.389;2017-09-12T21:02:14;9.23;;;3.63;;
3893;SDS011;1962;50.844;4.389;2017-09-12T21:04:41;8.77;;;4.10;;
3893;SDS011;1962;50.844;4.389;2017-09-12T21:07:09;6.03;;;2.97;;
3893;SDS011;1962;50.844;4.389;2017-09-12T21:09:36;6.17;;;2.90;;
3893;SDS011;1962;50.844;4.389;2017-09-12T21:12:05;6.97;;;2.87;;
3893;SDS011;1962;50.844;4.389;2017-09-12T21:14:32;8.70;;;3.20;;
3893;SDS011;1962;50.844;4.389;2017-09-12T21:17:01;6.27;;;2.87;;
3893;SDS011;1962;50.844;4.389;2017-09-12T21:19:29;3.90;;;3.10;;
3893;SDS011;1962;50.844;4.389;2017-09-12T21:21:56;5.20;;;3.20;;
3893;SDS011;1962;50.844;4.389;2017-09-12T21:24:24;3.70;;;3.13;;
3893;SDS011;1962;50.844;4.389;2017-09-12T21:26:51;9.13;;;2.90;;
3893;SDS011;1962;50.844;4.389;2017-09-12T21:29:19;4.03;;;2.90;;
3893;SDS011;1962;50.844;4.389;2017-09-12T21:31:47;9.13;;;2.30;;
3893;SDS011;1962;50.844;4.389;2017-09-12T21:34:14;7.90;;;2.80;;
3893;SDS011;1962;50.844;4.389;2017-09-12T21:36:42;5.63;;;3.13;;
3893;SDS011;1962;50.844;4.389;2017-09-12T21:39:09;8.77;;;3.37;;
3893;SDS011;1962;50.844;4.389;2017-09-12T21:41:37;7.97;;;3.20;;
3893;SDS011;1962;50.844;4.389;2017-09-12T21:44:05;3.87;;;2.37;;
3893;SDS011;1962;50.844;4.389;2017-09-12T21:46:33;7.60;;;2.20;;
3893;SDS011;1962;50.844;4.389;2017-09-12T21:49:01;9.87;;;2.53;;
3893;SDS011;1962;50.844;4.389;2017-09-12T21:51:29;7.23;;;2.43;;
3893;SDS011;1962;50.844;4.389;2017-09-12T21:53:57;7.90;;;2.60;;
3893;SDS011;1962;50.844;4.389;2017-09-12T21:56:24;8.77;;;2.57;;
3893;SDS011;1962;50.844;4.389;2017-09-12T21:58:53;6.70;;;2.70;;
3893;SDS011;1962;50.844;4.389;2017-09-12T22:01:21;6.23;;;2.17;;
3893;SDS011;1962;50.844;4.389;2017-09-12T22:03:48;3.60;;;2.20;;
3893;SDS011;1962;50.844;4.389;2017-09-12T22:06:16;4.30;;;2.30;;
3893;SDS011;1962;50.844;4.389;2017-09-12T22:08:44;4.57;;;2.50;;
3893;SDS011;1962;50.844;4.389;2017-09-12T22:11:12;4.63;;;2.27;;
3893;SDS011;1962;50.844;4.389;2017-09-12T22:13:39;3.20;;;2.03;;
3893;SDS011;1962;50.844;4.389;2017-09-12T22:16:07;3.57;;;2.17;;
3893;SDS011;1962;50.844;4.389;2017-09-12T22:18:35;5.60;;;2.90;;
3893;SDS011;1962;50.844;4.389;2017-09-12T22:21:02;10.63;;;2.80;;
3893;SDS011;1962;50.844;4.389;2017-09-12T22:23:30;4.13;;;2.23;;
3893;SDS011;1962;50.844;4.389;2017-09-12T22:25:58;4.37;;;1.90;;
3893;SDS011;1962;50.844;4.389;2017-09-12T22:28:26;4.33;;;2.30;;
3893;SDS011;1962;50.844;4.389;2017-09-12T22:30:53;4.57;;;2.23;;
3893;SDS011;1962;50.844;4.389;2017-09-12T22:33:21;4.60;;;2.90;;
3893;SDS011;1962;50.844;4.389;2017-09-12T22:35:48;5.33;;;2.20;;
3893;SDS011;1962;50.844;4.389;2017-09-12T22:38:16;5.57;;;2.07;;
3893;SDS011;1962;50.844;4.389;2017-09-12T22:40:43;5.83;;;2.10;;
3893;SDS011;1962;50.844;4.389;2017-09-12T22:43:11;5.87;;;2.63;;
3893;SDS011;1962;50.844;4.389;2017-09-12T22:45:39;3.77;;;2.00;;
3893;SDS011;1962;50.844;4.389;2017-09-12T22:48:06;5.40;;;2.00;;
3893;SDS011;1962;50.844;4.389;2017-09-12T22:50:34;5.00;;;2.37;;
3893;SDS011;1962;50.844;4.389;2017-09-12T22:53:01;7.73;;;2.20;;
3893;SDS011;1962;50.844;4.389;2017-09-12T22:55:29;5.23;;;2.00;;
3893;SDS011;1962;50.844;4.389;2017-09-12T22:57:56;7.23;;;1.90;;
3893;SDS011;1962;50.844;4.389;2017-09-12T23:00:24;7.57;;;2.00;;
3893;SDS011;1962;50.844;4.389;2017-09-12T23:02:51;6.63;;;2.20;;
3893;SDS011;1962;50.844;4.389;2017-09-12T23:05:19;6.87;;;2.10;;
3893;SDS011;1962;50.844;4.389;2017-09-12T23:07:46;7.47;;;2.10;;
3893;SDS011;1962;50.844;4.389;2017-09-12T23:10:14;5.47;;;2.20;;
3893;SDS011;1962;50.844;4.389;2017-09-12T23:12:41;6.77;;;2.50;;
3893;SDS011;1962;50.844;4.389;2017-09-12T23:15:09;8.57;;;2.40;;
3893;SDS011;1962;50.844;4.389;2017-09-12T23:17:36;10.80;;;2.50;;
3893;SDS011;1962;50.844;4.389;2017-09-12T23:20:04;5.90;;;1.80;;
3893;SDS011;1962;50.844;4.389;2017-09-12T23:22:31;6.30;;;2.30;;
3893;SDS011;1962;50.844;4.389;2017-09-12T23:24:59;7.20;;;1.93;;
3893;SDS011;1962;50.844;4.389;2017-09-12T23:27:26;4.30;;;2.00;;
3893;SDS011;1962;50.844;4.389;2017-09-12T23:29:55;6.30;;;2.27;;
3893;SDS011;1962;50.844;4.389;2017-09-12T23:32:22;8.50;;;2.43;;
3893;SDS011;1962;50.844;4.389;2017-09-12T23:34:50;5.80;;;2.07;;
3893;SDS011;1962;50.844;4.389;2017-09-12T23:37:17;6.23;;;2.00;;
3893;SDS011;1962;50.844;4.389;2017-09-12T23:39:46;5.03;;;2.27;;
3893;SDS011;1962;50.844;4.389;2017-09-12T23:42:14;5.53;;;3.67;;
3893;SDS011;1962;50.844;4.389;2017-09-12T23:44:41;7.73;;;3.30;;
3893;SDS011;1962;50.844;4.389;2017-09-12T23:47:10;7.47;;;2.63;;
3893;SDS011;1962;50.844;4.389;2017-09-12T23:49:37;6.50;;;3.20;;
3893;SDS011;1962;50.844;4.389;2017-09-12T23:52:05;5.00;;;2.07;;
3893;SDS011;1962;50.844;4.389;2017-09-12T23:54:33;5.13;;;2.37;;
3893;SDS011;1962;50.844;4.389;2017-09-12T23:57:01;10.70;;;2.70;;
3893;SDS011;1962;50.844;4.389;2017-09-12T23:59:30;9.30;;;2.50;;
